-- Queries para inserção de dados nas tabelas

-- Inserção de dados na tabela de Clientes
insert into Clientes (cpf_cnpj, nome_cli, nascimento, data_cadastro, endereco, cidade, cep, uf, telefone, email)
values ('12345678901', 'John Q Smith', '1990-01-15', '2008-01-15', '123 Main St', 'Los Angeles ', '24400-440', 'CA', '21995739559', 'ALTEMIRPSOUZA70@GMAIL.COM'),
	('98765432121', 'Jane M Johnson', '1985-07-20', '2005-07-20', '456 Elm St ', 'New York', '24440-400', 'NY', '22956582978', 'CLAUDIOBUSS5@GMAIL.COM'),
	('45678912323', 'Michael S Williams', '1988-03-10', '2018-03-10', '789 Oak Rd', 'Houston', '28300-000', 'TX', '41987654231', 'DIESKAPAGOTTO@HOTMAIL.COM'),
	('78912345656', 'Susan A Davis', '1992-09-05', '1992-09-05', '567 Pine Ave', 'Miami', '23800-000', 'FL', '92380000031', 'EDSONDEORCE@HOTMAIL.COM'),
	('55555555521', 'David L Lee', '1987-06-25', '1987-06-25', '246 Maple Ln', 'Chicago', '29300-000', 'IL', '82930000092', 'ELDOLOPESPATRIOTA@GMAIL.COM'),
	('11122333312', 'Emily K Brown', '1995-12-03', '1995-12-03', '678 Oak St', 'Boston', '28800-546', 'MA', '98928300855', 'JNTSFREITASGOMES@GMAIL.COM'),
	('33344555515', 'Richard J Martinez', '1983-04-17', '1983-04-17', '135 Cedar Dr', 'Austin', '23987-200', 'TX', '41656589987', 'JOAOCARLOSGIESTAS@HOTMAIL.COM'),
	('98798798704', 'Maria E Rodriguez', '1991-11-08', '1991-11-08', '876 Birch Pl', 'Miami', '23800-000', 'FL', '31654654656', 'LIMPEGESTAO@LIMPEGESTAO.COM.BR'),
	('65432198705', 'Daniel P Miller', '1989-02-12', '1989-02-12', '432 Walnut Ave', 'San Francisco', '24244-244', 'CA', '21654698989', 'MARCIOLABCDA@HOTMAIL.COM'),
	('15975345602', 'Laura S Turner', '1986-10-29', '1986-10-29', '987 Rose St', 'New York', '24440-400', 'NY', '84683513231', 'PAULOXEL@BOL.COM.BR'),
	('98765432103', 'William T Wilson', '1987-08-14', '1987-08-14', '753 Park Rd', 'Houston', '28300-000', 'TX', '36548435133', 'PAULOboEL@BOL.COM.BR'),
	('25048369147', 'Amanda R Hall', '1994-07-01', '1994-07-01', '369 Lakeview Dr', 'Miami', '23800-000', 'FL', '65498498422', 'PTB14AFONSOCLAUDIO@HOTMAIL.COM'),
	('11111111104', 'Joseph M King', '1993-05-18', '1993-05-18', '951 Forest Ave', 'Chicago', '29300-000', 'MA', '63514984689', 'FONSOCLAUDIO@HOTMAIL.COM'),
	('22222245222', 'Elizabeth T White', '1990-09-29', '1990-09-29', '456 Hillside Rd', 'Boston', '28800-546', 'MA', '16784984899', 'RAFAHUSK@HOTMAIL.COM'),
	('33333563333', 'Michael J Harris', '1997-02-07', '1997-02-07', '123 Brookside Ave', 'Austin', '23987-200', 'TX', '12365478979', 'ROSAMILKEAVON@HOTMAIL.COM'),
	('44489444444', 'Jennifer E Turner', '1996-12-15', '1996-12-15', '789 Lake Rd', 'Miami', '23800-000', 'FL', '16687654665', 'SIKBERT.KARLOS@GMAIL.COM'),
	('55555547555', 'Christopher L Scott', '1984-11-22', '1984-11-22', '678 Maple Ct', 'Los Angeles ', '24400-440', 'CA', '36514654836', 'STEWANBERGER@GMAIL.COM'),
	('66876666666', 'Jessica L Perez', '1991-06-06', '1991-06-06', '987 Willow St', 'New York', '24440-400', 'NY', '51685498735', 'STEWANBERG@GMAIL.COM'),
	('77237777777', 'Matthew J Rodriguez', '1988-03-04', '1988-03-04', '159 Oak Ave', 'Houston', '28300-000', 'TX', '32484984989', 'VANILDOZOG@GMAIL.COM'),
	('77231234777', 'Janaina G Figueira', '1978-03-23', '1997-04-15', 'Rua da Pamonha 15, Milharal', 'São Paulo', '54666-000', 'SP', '16849879879', 'VICENTELEITEAC@GMAIL.COM'),
	('12345678901234', 'Clinica dos Olhos', '2000-01-01', '2000-03-01', 'Av das Samambaias, 132, Iraja', 'Rio de Janeiro', '21300-100', 'RJ', '18498498497', 'clinicadeolhos@GMAIL.COM'),
	('43210987654321', 'Restaurante Bond Garfo', '1981-03-09', '1989-03-03', 'Av. Central, 321, Pampulha', 'Belo Horizonte', '54656-252', 'MG', '16513218926', 'restaurantebomdgarfo@GMAIL.COM'),
	('98765432198798', 'Hotel Trilha da Cachoeira', '1989-03-03', '1997-06-15', 'Rua Projetada 45, Loteamento A', 'Goiania', '87989-521', 'GO', '16849849813', 'hoteltrilha@GMAIL.COM'),
	('87654321123456', 'Sitio Milho Verde', '1997-04-15', '2003-03-01', 'Rua Pecado Capital, 7, Bonfim', 'Vitoria', '65878-231', 'ES', '16784969889', 'Sitiomilhoverde2010@HOTMAIL.COM'),
	('65445632112398', 'Faculdade Novo Mileno', '2003-03-01', '2004-01-12', 'Rua das Flores, 543, Ortencias', 'Curitiba', '12354-231', 'PR', '19849842984', 'Faculdadenmilenio@GMAIL.COM');


-- Inserção de dados na tabela de Fornecedores
insert into Fornecedores (cpf_cnpj, razao_social, nome_fantasia, fund_nasc, data_cadastro, endereco, cidade, cep, UF, responsavel, TELEFONE, EMAIL)    
VALUES ('12322128000156', 'TITRONIC PLASTICOS INDUSTRIAIS LTDA', '', '2015-11-11', '2019-09-26', 'R NESTOR GUISSO 304, BOA VISTA II', 'SERRA', '29161019',  'ES', 'TITRONIC PLASTICOS INDUSTRIAIS LTDA', '27988789586', 'TITRONIC@PROVEDOR.COM'), 
	('32124569001840', 'RIO DE JANEIRO TINTAS LTDA', '', '1995-11-11', '2019-09-26', 'ROD GOVERNADOR JOSE HENRIQUE SETTE KM 288, TABAJARA', 'CARIACICA', '29154-580', 'ES', 'RIO DE JANEIRO REFRESCOS LTDA', '27997168528', 'RIODEJ@PROVIDER.COM.BR'),
	('64597297000155', 'NOVO ESPACO ELETRICA LTDA', '', '2005-11-11', '2009-09-26', 'VALDIR DRASTO DONADIA 28, NOVO HORIZONTE', 'SERRA NEGRA', '29163-297', 'RJ', 'NOVO ESPACO COM DE MOVEIS E SERV LTDA', '27999587219', 'NOVOESPACO@MYSITE.COM'),
	('76525659000139', 'ELETROTECNICA VIVALDY LTDA', '', '2015-11-11', '2019-09-26', 'RUA DA LAMA 154, LAPADA', 'SÃO PAULO', '25872-075', 'SP', 'ELETROTECNICA VIVALDY LTDA', '1195788754', 'ELETROTECNICA@ISP.COM.BR'),
	('21267816000156', 'JVR ELETRONICOS LTDA', '', '1995-10-12', '2009-09-26', 'R NESTOR GUISSO 304, BOA VISTA II', 'GUARULHOS', '28004-456', 'SP', 'MARIO COVAS', '1438629741', 'JVRTECH@ISP.FIC.BR'),
	('23650407000160', 'RS PREMIUM AUTO CAR LTDA', '', '015-11-11', '2019-09-26', 'R VALDIR DRASTO DONADIA 28, NOVO HORIZONTE', 'RIO DE JANEIRO', '36661-541', 'RJ', 'ROBERTO CARLOS', '2156899878', 'RSMAIL@ISP.PIC.COM'),
	('23650645000175', 'ASSISTEC PECAS E ACESSORIOS LTDA', '', '2015-11-12', '2022-09-27', 'RUA CIVITY 356, THUNDERA', 'SALVADOR', '20415-565', 'BA', 'ROBERTO GUIMARAES', '5498765489', 'ASSISTEC6@ISP.FIC.COM'),
	('21241744000178', 'ABL INSTRUMENTOS LTDA', '', '2014-10-16', '2015-11-12', 'RUA DAS INDUSTRIAS, 456, CIDADE INDUSTRIAL', 'SÃO PAULO', '39653-000', 'SP', 'LIONEL RITCHIE', '12865457351', 'ABLIND@ISP2.COM.BR'),
	('23707654000155', 'JRA INDUSTRIA DE PLATICOS LTDA', '', '2015-11-20', '2015-12-20', 'RUA DO MINERIO 56, CIDADE VELHA', 'CURITIBA', '55453-000', 'PR', 'JOAQUIM BARBOSA', '4142345678', 'JRAIND@ISP.COM.BR'),
	('11777517000108', 'QUALITY LONAS LTDA', '', '2010-03-05', '2011-03-05', 'RUA DAS SEGINGUEIRAS 69, VILA PAVAO', 'SAO PAULO', '31327-535', 'SP',  'ALEXANDRE DE MORAES', '51898985654', 'QUALITY@ISP.COM.BR'),
	('23728917000102', 'BRUCE HF LTDA', '', '2015-11-25', '2021-12-31', 'R NESTOR GUISSO 304, BOA VISTA II', 'RIO DE JANEIRO', '70975-098', 'RJ', 'SHICON DANA TAKARA', '21956875485', 'BRUCEHF@ISP.COM.BR');
    
-- Inserção de dados na tabela de Funcionarios
insert into Funcionarios (cpf, nome_func, data_nasc, telefone, email, endereco, cidade, cep, UF, funcao, lotacao)     
    values ('12345678901', 'Joao Q Simpatico', '1990-01-15', '21995739559', 'ALTEMIRPSOUZA70@GMAIL.COM', '123 Main St', 'Los Angeles ', '24400-440', 'CA', 'Eletricista', 'Oficina' ),
	('98765432121', 'Jane M Jose', '1985-07-20', '22956582978', 'CLAUDIOBUSS5@GMAIL.COM', '456 Elm St ', 'New York', '24440-400', 'NY', 'Recepcionista', 'Recepcao'),
	('45678912323', 'Michel S Williams', '1988-03-10', '41987654231', 'DIESKAPAGOTTO@HOTMAIL.COM', '789 Oak Rd', 'Houston', '28300-000', 'TX','Mecanico', 'Oficina'),
	('78912345656', 'Susana A Davis', '1992-09-05', '92380000031', 'EDSONDEORCE@HOTMAIL.COM', '567 Pine Ave', 'Miami', '23800-000', 'FL', 'Administrativo', 'Administrativo' ),
	('55555555521', 'Davi L Lumpin', '1987-06-25', '82930000092', 'ELDOLOPESPATRIOTA@GMAIL.COM', '246 Maple Ln', 'Chicago', '29300-000', 'IL', 'Mecanico', 'Oficina'),
	('11122333312', 'Emilia K Brocada', '1995-12-03', '98928300855', 'JNTSFREITASGOMES@GMAIL.COM', '678 Oak St', 'Boston', '28800-546', 'MA', 'Estoquista', 'Estoque'),
	('33344555515', 'Ricardo J Martinez', '1983-04-17', '41656589987', 'JOAOCARLOSGIESTAS@HOTMAIL.COM', '135 Cedar Dr', 'Austin', '23987-200', 'TX', 'Administrativo','Oficina'),
	('98798798704', 'Mario E Rodriguez', '1991-11-08', '31654654656', 'LIMPEGESTAO@LIMPEGESTAO.COM.BR', '876 Birch Pl', 'Miami', '23800-000', 'FL', 'Funileiro','Oficina' ),
	('65432198705', 'Daniel P Miller', '1989-02-12', '21654698989', 'MARIOLABCDA@HOTMAIL.COM', '432 Walnut Ave', 'San Francisco', '24244-244', 'CA', 'Pintor','Oficina'),
	('15975345602', 'Laura S Turne', '1986-10-29', '84683513231', 'PAULOXEL@BOL.COM.BR', '987 Rose St', 'New York', '24440-400', 'NY', 'Administrativo', 'Estoque' ),
	('98765432103', 'Wilson T Bola', '1987-08-14', '36548435133', 'PAULOboEL@BOL.COM.BR', '753 Park Rd', 'Houston', '28300-000', 'TX', 'Vendedor', 'Vendas'),
	('25048369147', 'Mauro Rocha Hall', '1994-07-01', '65498498422', 'MAUROROCHAIO@HOTMAIL.COM', '369 Lakeview Dr', 'Miami', '23800-000', 'FL', 'Gerente', 'Gerencia' ),
	('11111111104', 'Roberto M Knop', '1993-05-18', '63514984689', 'FONSOCLAUDIO@HOTMAIL.COM', '951 Forest Ave', 'Chicago', '29300-000', 'MA', 'Vendedor', 'Vendas'),
	('22222245222', 'Aloisio Teixeira Branca', '1990-09-29', '16784984899', 'RAFAHUSK@HOTMAIL.COM', '456 Hillside Rd', 'Boston', '28800-546', 'MA', 'Lavador', 'Oficina');
    
-- Inserção de dados na tabela de Produtos
insert into Produtos (nome_produto, fabricante, id_fornecedor_prod, garantia_fabrica, garantia_oficina, quantidade, valor)     
 values ('Óleo de Motor Sintético (5W-30)', 'Mobil', 1, '3 meses', '3 meses', 100, 29.99),
		('Filtro de Óleo', 'Fram', 2, '6 meses', '6 meses', 200, 7.99),
		('Filtro de Ar', 'Bosch', 3, '3 meses', '3 meses', 150, 12.99),
		('Filtro de Combustível', 'Mann-Filter', 4, '6 meses', '6 meses', 120, 9.99),
		('Fluidos de Freio DOT 4', 'Castrol', 5, '3 meses', '3 meses', 50, 19.99),
		('Fluido de Transmissão Automática', 'Valvoline', 6, '6 meses', '6 meses', 40, 29.99),
		('Pastilhas de Freio', 'Brembo', 7, '3 meses', '3 meses', 300, 49.99),
		('Discos de Freio', 'ATE', 8, '6 meses', '6 meses', 200, 39.99),
		('Velas de Ignição', 'NGK', 9, '3 meses', '3 meses', 500, 4.99),
		('Cabos de Ignição', 'Bosch', 10, '6 meses', '6 meses', 300, 14.99),
		('Lâmpadas para Faróis e Lanternas', 'Philips', 11, '3 meses', '3 meses', 400, 2.99),
		('Bateria de Carro', 'ACDelco', 11, '12 meses', '12 meses', 50, 99.99),
		('Correia Poly-V', 'Continental', 11, '6 meses', '6 meses', 100, 15.99),
		('Jogo de Chaves de Fenda e Chaves Allen', 'Stanley', 10, '3 meses', '3 meses', 50, 29.99),
		('Macaco Hidráulico', 'Makita', 9, '12 meses', '12 meses', 20, 79.99),
		('Conjunto de Soquetes e Catraca', 'Craftsman', 8, '6 meses', '6 meses', 30, 49.99),
		('Compressor de Ar Portátil', 'DeWalt', 8, '12 meses', '12 meses', 10, 149.99),
		('Jogo de Chaves de Boca', 'Kobalt', 1, '6 meses', '6 meses', 40, 19.99),
		('Carrinho de Ferramentas', 'Snap-on', 2, '12 meses', '12 meses', 5, 249.99),
		('Produtos de Limpeza e Desengraxantes', '3M', 3, '3 meses', '3 meses', 100, 9.99);

-- Inserção de dados na tabela de Serviços
insert into servicos (nome_servico, tipo_servico, tipo_cobranca, garantia_oficina, valor)
	values ('Troca de Óleo e Filtro de Óleo', 'Mecanico', 'Tarefa', '3 meses', '40.00'),
	('Troca de Filtro de Ar', 'Mecanico', 'Tarefa', '3 meses', '15.00'),
	('Troca de Filtro de Combustível', 'Mecanico', 'Tarefa', '3 meses', '20.00'),
	('Troca de Fluidos de Freio', 'Mecanico', 'Tarefa', '3 meses', '30.00'),
	('Troca de Fluido de Transmissão Automática', 'Mecanico', 'Tarefa', '3 meses', '40.00'),
	('Troca de Velas de Ignição', 'Mecanico', 'Tarefa', '3 meses', '25.00'),
	('Troca de Cabos de Ignição', 'Mecanico', 'Tarefa', '3 meses', '20.00'),
	('Substituição de Lâmpadas', 'Eletrico', 'Tarefa', '3 meses', '10.00'),
	('Troca de Bateria de Carro', 'Eletrico', 'Tarefa', '12 meses', '40.00'),
	('Substituição de Correia Poly-V', 'Mecanico', 'Tarefa', '6 meses', '35.00'),
	('Reparo Mecânico - Troca de Pastilhas de Freio', 'Mecanico', 'Tarefa', '3 meses', '120.00'),
	('Reparo Mecânico - Troca de Discos de Freio', 'Mecanico', 'Tarefa', '3 meses', '150.00'),
	('Reparo Mecânico - Troca de Correia Poly-V', 'Mecanico', 'Tarefa', '6 meses', '80.00'),
	('Reparo Elétrico - Troca de Bateria', 'Eletrico', 'Tarefa', '12 meses', '30.00'),
	('Pintura - Reparo de Arranhões', 'Funilaria', 'Tarefa', '12 meses', '100.00'),
	('Pintura - Pintura de Painel Dianteiro', 'Pintura', 'Tarefa', '12 meses', '280.00'),
	('Pintura - Pintura de Porta', 'Pintura', 'Tarefa', '12 meses', '280.00'),
	('Funilaria - Reparo de Amassados', 'Funilaria', 'Tarefa', '6 meses', '90.00'),
	('Funilaria - Substituição de Parachoque', 'Funilaria', 'Tarefa', '6 meses', '120.00'),
	('Lavagem Simples', 'Estetico', 'Tarefa', '3 meses', '20.00'),
	('Lavagem Tecnica', 'Estetico', 'Tarefa', '3 meses', '200.00');

-- Inserção de dados na tabela de Orçamentos
insert into orcamentos (id_cliente_orcamento, id_funcionario_orcamento, data_emissao, prazo_entrega, data_entrega, validade, valor_total)
	values (1, 2, '2023-09-01', '2023-09-20', '2023-10-20', '30 dias', 800.00),
	(2, 2, '2023-09-02', '2023-09-22', '2023-10-02', '30 dias', 600.00),
	(3, 7, '2023-09-03', '2023-09-18', '2023-09-19', '10 dias', 350.00),
	(4, 2, '2023-09-04', '2023-09-25', '2023-09-30', '30 dias', 1200.00),
	(5, 7, '2023-09-05', '2023-09-19', '2023-09-19', '30 dias', 450.00),
	(6, 7, '2023-09-06', '2023-09-24', '2023-09-23', '30 dias', 950.00),
	(7, 7, '2023-09-07', '2023-09-16', '2023-09-16', '10 dias', 300.00),
	(8, 2, '2023-09-08', '2023-09-20', '2023-09-21', '30 dias', 700.00),
	(9, 2, '2023-09-09', '2023-09-26', '2023-09-22', '30 dias', 550.00),
	(10, 7, '2023-09-10', '2023-09-23', '2023-09-21', '30 dias', 900.00);

-- Inserção de dados na tabela de itens dos Orçamentos
insert into ITEM_orcamentos(id_orcamento, id_produto_orcamento, id_servico_orcamento, qt_item, valor_item)
	values (1, 1, NULL, 2, 29.99),
	(1, 2, NULL, 1, 7.99),
	(1, 3, NULL, 2, 12.99),
	(2, 4, NULL, 1, 9.99),
	(2, 5, NULL, 1, 19.99),
	(3, 6, NULL, 3, 29.99),
	(3, 7, NULL, 4, 49.99),
	(4, 8, NULL, 2, 39.99),
	(4, 9, NULL, 3, 4.99),
	(5, 10, NULL, 2, 14.99),
	(5, 11, NULL, 1, 2.99),
	(6, NULL, 12, 3, 99.99),
	(6, NULL, 13, 2, 15.99),
	(7, NULL, 14, 1, 29.99),
	(7, NULL, 15, 2, 79.99),
	(8, NULL, 1, 3, 49.99),
	(8, NULL, 12, 1, 149.99),
	(9, NULL, 13, 2, 19.99),
	(9, NULL, 14, 1, 249.99),
	(10, 20, NULL, 2, 9.99);

-- Inserção de dados na tabela de Ordens de Serviço
insert into ordemservico(id_cliente_os, id_funcionario_resp_os, placa_veiculo, data_abertura, prazo_entrega, data_entrega, valor_total_os, status)
values (1, 1, 'ABC1234', '2023-09-01', '2023-09-15', '2023-09-20', 350.00, 'Em Aberto'),
	(2, 1, 'XYZ5678', '2023-09-02', '2023-09-18', '2023-09-16', 550.00, 'Em execucao'),
	(3, 3, 'DEF9876', '2023-09-03', '2023-09-20', '2023-09-18', 300.00, 'Em Aberto'),
	(4, 4, 'MNO5432', '2023-09-04', '2023-09-22', '2023-09-25', 700.00, 'Fechada'),
	(5, 5, 'JKL2468', '2023-09-05', '2023-09-19', '2023-09-21', 900.00, 'Faturada'),
	(6, 6, 'RST1357', '2023-09-06', '2023-09-24', '2023-09-19', 250.00, 'Em Aberto'),
	(7, 3, 'GHI8765', '2023-09-07', '2023-09-18', '2023-09-20', 1200.00, 'Fechada'),
	(8, 8, 'PQR4321', '2023-09-08', '2023-09-27', '2023-09-30', 600.00, 'Fechada'),
	(9, 9, 'UVW9876', '2023-09-09', '2023-09-26', '2023-09-28', 750.00, 'Faturada'),
	(10, 10, 'CDE6543', '2023-09-10', '2023-09-23', '2023-09-29', 450.00, 'Faturada');

-- Inserção de dados na tabela de itens das Ordens de Serviços
insert into item_ordemservico(id_osOrigem, id_produto_ordemservico, id_servico_ordemservico, id_funcionario_exec_os, qt_item_os, valor_item_os)
	values(1, 1, NULL, 1, 2, 29.99),
	(1, 2, NULL, 1, 1, 7.99),
	(1, 3, NULL, 3, 3, 12.99),
	(2, 4, NULL, 3, 2, 9.99),
	(2, 5, NULL, 5, 1, 19.99),
	(3, 6, NULL, 5, 4, 29.99),
	(3, 7, NULL, 7, 1, 49.99),
	(4, 8, NULL, 8, 2, 39.99),
	(4, 9, NULL, 9, 3, 4.99),
	(5, 10, NULL, 1, 2, 14.99),
	(5, NULL, 7, 1, 1, 60.00),
	(5, NULL, 2, 3, 1, 80.00),
	(6, 12, NULL, 1, 3, 99.99),
	(6, NULL, 3, 3, 2, 120.00),
	(6, NULL, 4, 3, 1, 100.00),
	(7, NULL, 5, 5, 1, 25.00),
	(7, NULL, 6, 7, 2, 50.00),
	(7, NULL, 7, 8, 1, 30.00),
	(8, NULL, 8, 9, 1, 35.00),
	(8, NULL, 9, 9, 1, 120.00),
	(8, NULL, 10, 3, 1, 50.00),
	(9, NULL, 11, 5, 2, 10.00),
	(9, NULL, 12, 14, 1, 50.00),
	(9, NULL, 13, 8, 1, 60.00),
	(10, NULL, 14, 1, 1, 40.00),
	(10, NULL, 15, 3, 1, 80.00),
	(10, NULL, 21, 14, 2, 200.00);
    
-- Inserção de dados na tabela de Vendas (Balcão)
insert into vendas(id_cliente_venda, id_funcionario_venda, data_venda, tipo_cobranca, valor_total_venda, situacao)
values (1, 1, '2023-09-01', 'Dinheiro', 120.00, 'Paga'),
(2, 1, '2023-09-02', 'Cartao Debito', 90.00, 'Paga'),
(20, 2, '2023-09-03', 'Cartao Credito', 300.00, 'Paga'),
(3, 3, '2023-09-04', 'Dinheiro', 75.00, 'Paga'),
(4, 4, '2023-09-05', 'Cartao Credito', 180.00, 'Paga'),
(5, 5, '2023-09-06', 'Dinheiro', 40.00, 'Paga'),
(6, 6, '2023-09-07', 'Cartao Credito', 210.00, 'Aguardando pagamento'),
(21, 7, '2023-09-08', 'Dinheiro', 55.00, 'Paga'),
(22, 8, '2023-09-09', 'Cartao Credito', 150.00, 'Negada'),
(23, 9, '2023-09-10', 'Dinheiro', 100.00, 'Paga'),
(24, 10, '2023-09-11', 'Cartao Credito', 85.00, 'Cancelada');

-- Inserção de dados na tabela de itens das Vendas (Balcão)
insert into item_vendas(id_venda, id_produto_venda, qt_item_venda, valor_item_venda)
	values(1, 1, 2, 29.99),
	(1, 2, 1, 7.99),
	(1, 3, 3, 12.99),
	(1, 4, 2, 9.99),
	(2, 5, 1, 19.99),
	(2, 6, 4, 29.99),
	(2, 7, 1, 49.99),
	(2, 8, 2, 39.99),
	(3, 9, 3, 4.99),
	(3, 10, 2, 14.99),
	(3, 11, 1, 2.99),
	(3, 12, 3, 99.99),
	(3, 13, 2, 15.99),
	(4, 14, 1, 29.99),
	(4, 15, 1, 79.99),
	(4, 16, 2, 49.99),
	(5, 17, 1, 149.99),
	(5, 18, 2, 19.99),
	(5, 19, 1, 249.99),
	(5, 20, 2, 9.99),
	(6, 1, 2, 29.99),
	(6, 2, 1, 7.99),
	(6, 3, 3, 12.99),
	(7, 4, 2, 9.99),
	(7, 5, 1, 19.99),
	(7, 6, 4, 29.99),
	(8, 7, 1, 49.99),
	(8, 8, 2, 39.99),
	(8, 9, 3, 4.99),
	(8, 10, 2, 14.99),
	(9, 11, 1, 2.99),
	(9, 12, 3, 99.99),
	(9, 13, 2, 15.99),
	(9, 14, 1, 29.99),
	(9, 15, 1, 79.99),
	(10, 16, 2, 49.99),
	(10, 17, 1, 149.99),
	(10, 18, 2, 19.99),
	(10, 19, 1, 249.99),
	(11, 20, 2, 9.99),
	(11, 1, 2, 29.99),
	(11, 2, 1, 7.99),
	(11, 3, 3, 12.99),
	(11, 4, 2, 9.99),
	(11, 5, 1, 19.99),
	(11, 6, 4, 29.99),
	(11, 7, 1, 49.99),
	(11, 8, 2, 39.99),
	(11, 9, 3, 4.99),
	(11, 10, 2, 14.99);
        